﻿username,password,student_ID,name,faculty,major,year,level
6140445722@student.chula.ac.th,1234,6140445722,Supitcha Chobsleep,Arts,Langtech,2,Bachelor
6040124522@student.chula.ac.th,1234,6040124522,Chularak Aksorndee,Arts,English,3,Bachelor
6140155522@student.chula.ac.th,1234,6140155522,Yathip Hueawkaoah,Arts,Langtech,2,Bachelor
6040523824@student.chula.ac.th,1234,6040523824,Attaphal Srikiat,Social science,IR,3,Bachelor
6140014422@student.chula.ac.th,1234,6140014422,Janisa Charnvut,Arts,Thai,2,Bachelor
5930288622@student.chula.ac.th,1234,5930288622,Kwandao Sukjai,Arts,Chinese,4,Bachelor
6240028921@student.chula.ac.th,1234,6240028921,Jitdee Ruengchai,Engineering,Electronic,1,Bachelor
6140182624@student.chula.ac.th,1234,6140182624,Jirathorn Chantawekul,Social science,IR,2,Bachelor
6030214522@student.chula.ac.th,1234,6030214522,Supachai Rathanon,Arts,English,3,Bachelor
5940337822@student.chula.ac.th,1234,5940337822,Jirat Thitikorn,Arts,English,4,Bachelor
6030331221@student.chula.ac.th,1234,6030331221,Tanaka Yamada,Engineering,Computer,3,Bachelor
6140296922@student.chula.ac.th,1234,6140296922,Tanthai Wangphol,Arts,Spanish,2,Bachelor
6240128822@student.chula.ac.th,1234,6240128822,Jane Supervalentine,Arts,No Major,1,Bachelor
5940013522@student.chula.ac.th,1234,5940013522,Lalida Sawadee,Arts,Japanese,4,Bachelor
6030316624@student.chula.ac.th,1234,6030316624,Sasitorn Wattana,Social science,IR,3,Bachelor
